State_Name,District_Name,Crop_Year,Season,Crop,Area,Production
Maharashtra,AHMEDNAGAR,1997,Autumn     ,Maize,1,1113
Maharashtra,AHMEDNAGAR,1997,Kharif     ,Maize,4400,4700
Maharashtra,AHMEDNAGAR,1997,Rabi       ,Maize,6200,9100
Maharashtra,AHMEDNAGAR,1997,Summer     ,Maize,1100,1900
Maharashtra,AHMEDNAGAR,1998,Kharif     ,Maize,5800,12500
Maharashtra,AHMEDNAGAR,1998,Rabi       ,Maize,7900,12200
Maharashtra,AHMEDNAGAR,1998,Summer     ,Maize,1500,2300
Maharashtra,AHMEDNAGAR,1999,Kharif     ,Maize,6400,9500
Maharashtra,AHMEDNAGAR,1999,Rabi       ,Maize,8800,13900
Maharashtra,AHMEDNAGAR,2000,Kharif     ,Maize,7000,4400
Maharashtra,AHMEDNAGAR,2000,Rabi       ,Maize,14000,16200
Maharashtra,AHMEDNAGAR,2001,Kharif     ,Maize,6400,9800
Maharashtra,AHMEDNAGAR,2001,Rabi       ,Maize,12300,22600
Maharashtra,AHMEDNAGAR,2001,Summer     ,Maize,1500,2100
Maharashtra,AHMEDNAGAR,2002,Kharif     ,Maize,7000,12300
Maharashtra,AHMEDNAGAR,2002,Rabi       ,Maize,11700,9100
Maharashtra,AHMEDNAGAR,2002,Summer     ,Maize,1100,1800
Maharashtra,AHMEDNAGAR,2003,Kharif     ,Maize,6700,6400
Maharashtra,AHMEDNAGAR,2003,Rabi       ,Maize,10500,5400
Maharashtra,AHMEDNAGAR,2004,Kharif     ,Maize,11400,14000
Maharashtra,AHMEDNAGAR,2004,Rabi       ,Maize,10900,22100
Maharashtra,AHMEDNAGAR,2004,Summer     ,Maize,3100,4300
Maharashtra,AHMEDNAGAR,2006,Kharif     ,Maize,17900,42400
Maharashtra,AHMEDNAGAR,2006,Rabi       ,Maize,15300,20000
Maharashtra,AHMEDNAGAR,2006,Summer     ,Maize,1200,1800
Maharashtra,AHMEDNAGAR,2007,Kharif     ,Maize,236,735
Maharashtra,AHMEDNAGAR,2007,Rabi       ,Maize,125,274
Maharashtra,AHMEDNAGAR,2007,Summer     ,Maize,11,16
Maharashtra,AHMEDNAGAR,2008,Kharif     ,Maize,22100,69500
Maharashtra,AHMEDNAGAR,2008,Rabi       ,Maize,102,280
Maharashtra,AHMEDNAGAR,2009,Kharif     ,Maize,38500,110300
Maharashtra,AHMEDNAGAR,2009,Rabi       ,Maize,11600,26000
Maharashtra,AHMEDNAGAR,2010,Kharif     ,Maize,45300,139500
Maharashtra,AHMEDNAGAR,2010,Rabi       ,Maize,13200,26300
Maharashtra,AHMEDNAGAR,2011,Kharif     ,Maize,46300,125500
Maharashtra,AHMEDNAGAR,2011,Rabi       ,Maize,9200,22600
Maharashtra,AHMEDNAGAR,2012,Kharif     ,Maize,45000,91900
Maharashtra,AHMEDNAGAR,2012,Rabi       ,Maize,14700,24800
Maharashtra,AHMEDNAGAR,2012,Summer     ,Maize,200,200
Maharashtra,AHMEDNAGAR,2013,Kharif     ,Maize,61000,296900
Maharashtra,AHMEDNAGAR,2013,Rabi       ,Maize,20900,59300
Maharashtra,AHMEDNAGAR,2013,Summer     ,Maize,1000,1500
Maharashtra,AHMEDNAGAR,2014,Kharif     ,Maize,68100,176100
Maharashtra,AHMEDNAGAR,2014,Rabi       ,Maize,29400,57600
Maharashtra,AHMEDNAGAR,2014,Summer     ,Maize,200,400
Maharashtra,AKOLA,1997,Kharif     ,Maize,700,800
Maharashtra,AKOLA,1998,Kharif     ,Maize,400,800
Maharashtra,AKOLA,1998,Rabi       ,Maize,100,100
Maharashtra,AKOLA,1999,Kharif     ,Maize,100,100
Maharashtra,AKOLA,2000,Kharif     ,Maize,200,200
Maharashtra,AKOLA,2001,Kharif     ,Maize,400,1000
Maharashtra,AKOLA,2002,Kharif     ,Maize,500,1000
Maharashtra,AKOLA,2003,Kharif     ,Maize,700,1500
Maharashtra,AKOLA,2003,Rabi       ,Maize,100,100
Maharashtra,AKOLA,2004,Kharif     ,Maize,600,700
Maharashtra,AKOLA,2004,Rabi       ,Maize,100,100
Maharashtra,AKOLA,2006,Kharif     ,Maize,2100,3400
Maharashtra,AKOLA,2006,Rabi       ,Maize,200,500
Maharashtra,AKOLA,2006,Summer     ,Maize,1100,500
Maharashtra,AKOLA,2007,Kharif     ,Maize,31,99
Maharashtra,AKOLA,2007,Rabi       ,Maize,3,8
Maharashtra,AKOLA,2007,Summer     ,Maize,1,1
Maharashtra,AKOLA,2008,Kharif     ,Maize,2100,6400
Maharashtra,AKOLA,2008,Rabi       ,Maize,3,5
Maharashtra,AKOLA,2009,Kharif     ,Maize,1400,3100
Maharashtra,AKOLA,2009,Rabi       ,Maize,400,200
Maharashtra,AKOLA,2010,Kharif     ,Maize,1100,2700
Maharashtra,AKOLA,2010,Rabi       ,Maize,400,800
Maharashtra,AKOLA,2011,Kharif     ,Maize,1100,3100
Maharashtra,AKOLA,2011,Rabi       ,Maize,200,500
Maharashtra,AKOLA,2012,Kharif     ,Maize,500,1100
Maharashtra,AKOLA,2013,Kharif     ,Maize,100,300
Maharashtra,AKOLA,2014,Kharif     ,Maize,100,200
Maharashtra,AMRAVATI,1997,Kharif     ,Maize,700,800
Maharashtra,AMRAVATI,1997,Summer     ,Maize,100,100
Maharashtra,AMRAVATI,1998,Kharif     ,Maize,800,1500
Maharashtra,AMRAVATI,1998,Rabi       ,Maize,100,100
Maharashtra,AMRAVATI,1998,Summer     ,Maize,100,100
Maharashtra,AMRAVATI,1999,Kharif     ,Maize,700,900
Maharashtra,AMRAVATI,1999,Summer     ,Maize,100,100
Maharashtra,AMRAVATI,2000,Kharif     ,Maize,800,800
Maharashtra,AMRAVATI,2000,Rabi       ,Maize,100,100
Maharashtra,AMRAVATI,2001,Kharif     ,Maize,900,2300
Maharashtra,AMRAVATI,2001,Summer     ,Maize,200,300
Maharashtra,AMRAVATI,2002,Kharif     ,Maize,900,1800
Maharashtra,AMRAVATI,2003,Kharif     ,Maize,1200,2600
Maharashtra,AMRAVATI,2004,Kharif     ,Maize,1400,1700
Maharashtra,AMRAVATI,2004,Summer     ,Maize,200,300
Maharashtra,AMRAVATI,2006,Kharif     ,Maize,1600,2600
Maharashtra,AMRAVATI,2006,Summer     ,Maize,100,100
Maharashtra,AMRAVATI,2007,Kharif     ,Maize,17,54
Maharashtra,AMRAVATI,2007,Summer     ,Maize,1,1
Maharashtra,AMRAVATI,2008,Kharif     ,Maize,1500,4500
Maharashtra,AMRAVATI,2009,Kharif     ,Maize,1400,3100
Maharashtra,AMRAVATI,2010,Kharif     ,Maize,1600,4000
Maharashtra,AMRAVATI,2011,Kharif     ,Maize,1200,3300
Maharashtra,AMRAVATI,2012,Kharif     ,Maize,1200,2700
Maharashtra,AMRAVATI,2012,Summer     ,Maize,1400,1800
Maharashtra,AMRAVATI,2013,Kharif     ,Maize,1000,2900
Maharashtra,AMRAVATI,2013,Summer     ,Maize,300,400
Maharashtra,AMRAVATI,2014,Kharif     ,Maize,800,1500
Maharashtra,AMRAVATI,2014,Rabi       ,Maize,1800,300
Maharashtra,AURANGABAD,1997,Kharif     ,Maize,39800,39800
Maharashtra,AURANGABAD,1997,Rabi       ,Maize,2100,3300
Maharashtra,AURANGABAD,1997,Summer     ,Maize,200,300
Maharashtra,AURANGABAD,1998,Kharif     ,Maize,41700,90400
Maharashtra,AURANGABAD,1998,Rabi       ,Maize,2800,4500
Maharashtra,AURANGABAD,1998,Summer     ,Maize,300,400
Maharashtra,AURANGABAD,1999,Kharif     ,Maize,43800,75000
Maharashtra,AURANGABAD,1999,Rabi       ,Maize,2900,4600
Maharashtra,AURANGABAD,1999,Summer     ,Maize,300,500
Maharashtra,AURANGABAD,2000,Kharif     ,Maize,73200,69700
Maharashtra,AURANGABAD,2000,Rabi       ,Maize,1300,1500
Maharashtra,AURANGABAD,2001,Kharif     ,Maize,75700,149400
Maharashtra,AURANGABAD,2001,Rabi       ,Maize,2000,3700
Maharashtra,AURANGABAD,2001,Summer     ,Maize,200,300
Maharashtra,AURANGABAD,2002,Kharif     ,Maize,82000,204700
Maharashtra,AURANGABAD,2002,Rabi       ,Maize,1700,2900
Maharashtra,AURANGABAD,2002,Summer     ,Maize,300,500
Maharashtra,AURANGABAD,2003,Kharif     ,Maize,90400,189900
Maharashtra,AURANGABAD,2003,Rabi       ,Maize,2100,5200
Maharashtra,AURANGABAD,2004,Kharif     ,Maize,89900,169300
Maharashtra,AURANGABAD,2004,Rabi       ,Maize,1800,3100
Maharashtra,AURANGABAD,2004,Summer     ,Maize,100,200
Maharashtra,AURANGABAD,2006,Kharif     ,Maize,101500,281100
Maharashtra,AURANGABAD,2006,Rabi       ,Maize,2200,7100
Maharashtra,AURANGABAD,2006,Summer     ,Maize,700,700
Maharashtra,AURANGABAD,2007,Kharif     ,Maize,1080,3035
Maharashtra,AURANGABAD,2007,Rabi       ,Maize,15,47
Maharashtra,AURANGABAD,2007,Summer     ,Maize,2,3
Maharashtra,AURANGABAD,2008,Kharif     ,Maize,113000,311300
Maharashtra,AURANGABAD,2008,Rabi       ,Maize,10,31
Maharashtra,AURANGABAD,2009,Kharif     ,Maize,124800,332000
Maharashtra,AURANGABAD,2009,Rabi       ,Maize,1300,3600
Maharashtra,AURANGABAD,2010,Kharif     ,Maize,138400,508200
Maharashtra,AURANGABAD,2010,Rabi       ,Maize,4300,13400
Maharashtra,AURANGABAD,2011,Kharif     ,Maize,144200,469300
Maharashtra,AURANGABAD,2011,Rabi       ,Maize,2900,9200
Maharashtra,AURANGABAD,2011,Summer     ,Maize,1100,1400
Maharashtra,AURANGABAD,2012,Kharif     ,Maize,144200,291100
Maharashtra,AURANGABAD,2012,Rabi       ,Maize,5300,3500
Maharashtra,AURANGABAD,2012,Summer     ,Maize,500,700
Maharashtra,AURANGABAD,2013,Kharif     ,Maize,167900,759800
Maharashtra,AURANGABAD,2013,Rabi       ,Maize,6400,22100
Maharashtra,AURANGABAD,2013,Summer     ,Maize,1100,1400
Maharashtra,AURANGABAD,2014,Kharif     ,Maize,191700,175800
Maharashtra,AURANGABAD,2014,Rabi       ,Maize,9000,11400
Maharashtra,AURANGABAD,2014,Summer     ,Maize,3400,1500
Maharashtra,BEED,1997,Kharif     ,Maize,2900,2700
Maharashtra,BEED,1997,Rabi       ,Maize,1700,3000
Maharashtra,BEED,1997,Summer     ,Maize,200,300
Maharashtra,BEED,1998,Kharif     ,Maize,3000,6500
Maharashtra,BEED,1998,Rabi       ,Maize,2100,2800
Maharashtra,BEED,1998,Summer     ,Maize,500,700
Maharashtra,BEED,1999,Kharif     ,Maize,3200,5900
Maharashtra,BEED,1999,Rabi       ,Maize,2800,4200
Maharashtra,BEED,1999,Summer     ,Maize,500,800
Maharashtra,BEED,2000,Kharif     ,Maize,4800,4600
Maharashtra,BEED,2000,Rabi       ,Maize,3000,3400
Maharashtra,BEED,2001,Kharif     ,Maize,1500,1000
Maharashtra,BEED,2001,Rabi       ,Maize,2000,3700
Maharashtra,BEED,2001,Summer     ,Maize,700,1000
Maharashtra,BEED,2002,Kharif     ,Maize,3200,3300
Maharashtra,BEED,2002,Rabi       ,Maize,2000,1300
Maharashtra,BEED,2002,Summer     ,Maize,400,600
Maharashtra,BEED,2003,Kharif     ,Maize,3400,2400
Maharashtra,BEED,2003,Rabi       ,Maize,1600,800
Maharashtra,BEED,2004,Kharif     ,Maize,3100,2500
Maharashtra,BEED,2004,Rabi       ,Maize,1900,2500
Maharashtra,BEED,2004,Summer     ,Maize,300,400
Maharashtra,BEED,2006,Kharif     ,Maize,4000,6300
Maharashtra,BEED,2006,Rabi       ,Maize,2700,7700
Maharashtra,BEED,2006,Summer     ,Maize,1000,700
Maharashtra,BEED,2007,Kharif     ,Maize,39,44
Maharashtra,BEED,2007,Rabi       ,Maize,37,67
Maharashtra,BEED,2007,Summer     ,Maize,6,9
Maharashtra,BEED,2008,Kharif     ,Maize,8300,8800
Maharashtra,BEED,2008,Rabi       ,Maize,26,32
Maharashtra,BEED,2009,Kharif     ,Maize,7300,6400
Maharashtra,BEED,2009,Rabi       ,Maize,4300,4500
Maharashtra,BEED,2010,Kharif     ,Maize,5400,8400
Maharashtra,BEED,2010,Rabi       ,Maize,3300,4900
Maharashtra,BEED,2011,Kharif     ,Maize,4600,5700
Maharashtra,BEED,2011,Rabi       ,Maize,1800,2100
Maharashtra,BEED,2011,Summer     ,Maize,2200,2100
Maharashtra,BEED,2012,Kharif     ,Maize,4600,3600
Maharashtra,BEED,2012,Rabi       ,Maize,5800,3800
Maharashtra,BEED,2012,Summer     ,Maize,200,200
Maharashtra,BEED,2013,Kharif     ,Maize,5200,6900
Maharashtra,BEED,2013,Rabi       ,Maize,9200,11500
Maharashtra,BEED,2013,Summer     ,Maize,800,800
Maharashtra,BEED,2014,Kharif     ,Maize,6200,4700
Maharashtra,BEED,2014,Rabi       ,Maize,8500,5900
Maharashtra,BEED,2014,Summer     ,Maize,1300,600
Maharashtra,BHANDARA,1997,Kharif     ,Maize,200,100
Maharashtra,BHANDARA,1998,Kharif     ,Maize,200,400
Maharashtra,BHANDARA,2002,Kharif     ,Maize,100,200
Maharashtra,BHANDARA,2003,Kharif     ,Maize,100,200
Maharashtra,BHANDARA,2004,Kharif     ,Maize,100,100
Maharashtra,BHANDARA,2006,Kharif     ,Maize,100,200
Maharashtra,BHANDARA,2007,Kharif     ,Maize,1,3
Maharashtra,BULDHANA,1997,Kharif     ,Maize,20000,16400
Maharashtra,BULDHANA,1997,Rabi       ,Maize,500,900
Maharashtra,BULDHANA,1997,Summer     ,Maize,100,100
Maharashtra,BULDHANA,1998,Kharif     ,Maize,22000,39900
Maharashtra,BULDHANA,1998,Rabi       ,Maize,1000,1400
Maharashtra,BULDHANA,1998,Summer     ,Maize,100,100
Maharashtra,BULDHANA,1999,Kharif     ,Maize,18300,28000
Maharashtra,BULDHANA,1999,Rabi       ,Maize,1000,1500
Maharashtra,BULDHANA,1999,Summer     ,Maize,100,100
Maharashtra,BULDHANA,2000,Kharif     ,Maize,20200,19200
Maharashtra,BULDHANA,2000,Rabi       ,Maize,900,900
Maharashtra,BULDHANA,2001,Kharif     ,Maize,21100,52100
Maharashtra,BULDHANA,2001,Rabi       ,Maize,400,700
Maharashtra,BULDHANA,2001,Summer     ,Maize,100,100
Maharashtra,BULDHANA,2002,Kharif     ,Maize,25100,51600
Maharashtra,BULDHANA,2002,Rabi       ,Maize,500,600
Maharashtra,BULDHANA,2002,Summer     ,Maize,100,100
Maharashtra,BULDHANA,2003,Kharif     ,Maize,25900,55500
Maharashtra,BULDHANA,2003,Rabi       ,Maize,1200,2200
Maharashtra,BULDHANA,2004,Kharif     ,Maize,33900,41500
Maharashtra,BULDHANA,2004,Rabi       ,Maize,900,1200
Maharashtra,BULDHANA,2004,Summer     ,Maize,100,200
Maharashtra,BULDHANA,2006,Kharif     ,Maize,39700,65100
Maharashtra,BULDHANA,2006,Rabi       ,Maize,2200,5300
Maharashtra,BULDHANA,2006,Summer     ,Maize,1700,2500
Maharashtra,BULDHANA,2007,Kharif     ,Maize,615,1962
Maharashtra,BULDHANA,2007,Rabi       ,Maize,27,73
Maharashtra,BULDHANA,2007,Summer     ,Maize,4,6
Maharashtra,BULDHANA,2008,Kharif     ,Maize,54900,166100
Maharashtra,BULDHANA,2008,Rabi       ,Maize,14,26
Maharashtra,BULDHANA,2009,Kharif     ,Maize,83200,184800
Maharashtra,BULDHANA,2009,Rabi       ,Maize,1700,800
Maharashtra,BULDHANA,2010,Kharif     ,Maize,66200,164100
Maharashtra,BULDHANA,2010,Rabi       ,Maize,8600,17900
Maharashtra,BULDHANA,2011,Kharif     ,Maize,57200,159200
Maharashtra,BULDHANA,2011,Rabi       ,Maize,7700,19800
Maharashtra,BULDHANA,2011,Summer     ,Maize,100,100
Maharashtra,BULDHANA,2012,Kharif     ,Maize,15600,35000
Maharashtra,BULDHANA,2012,Rabi       ,Maize,6900,5100
Maharashtra,BULDHANA,2013,Kharif     ,Maize,15000,42900
Maharashtra,BULDHANA,2013,Rabi       ,Maize,16600,41900
Maharashtra,BULDHANA,2013,Summer     ,Maize,1800,2600
Maharashtra,BULDHANA,2014,Kharif     ,Maize,30000,54400
Maharashtra,BULDHANA,2014,Rabi       ,Maize,17200,2700
Maharashtra,BULDHANA,2014,Summer     ,Maize,1700,3000
Maharashtra,CHANDRAPUR,1997,Kharif     ,Maize,1100,1000
Maharashtra,CHANDRAPUR,1998,Kharif     ,Maize,100,200
Maharashtra,CHANDRAPUR,1999,Kharif     ,Maize,100,100
Maharashtra,CHANDRAPUR,1999,Rabi       ,Maize,100,200
Maharashtra,CHANDRAPUR,2000,Kharif     ,Maize,100,100
Maharashtra,CHANDRAPUR,2000,Rabi       ,Maize,100,100
Maharashtra,CHANDRAPUR,2009,Kharif     ,Maize,100,200
Maharashtra,CHANDRAPUR,2012,Summer     ,Maize,100,100
Maharashtra,CHANDRAPUR,2014,Summer     ,Maize,100,100
Maharashtra,DHULE,1997,Autumn     ,Maize,4,2901
Maharashtra,DHULE,1997,Kharif     ,Maize,19300,33800
Maharashtra,DHULE,1997,Rabi       ,Maize,1400,2500
Maharashtra,DHULE,1997,Summer     ,Maize,100,100
Maharashtra,DHULE,1998,Kharif     ,Maize,18800,37300
Maharashtra,DHULE,1998,Rabi       ,Maize,1400,2300
Maharashtra,DHULE,1998,Summer     ,Maize,100,100
Maharashtra,DHULE,1999,Kharif     ,Maize,3300,5400
Maharashtra,DHULE,1999,Rabi       ,Maize,700,1100
Maharashtra,DHULE,1999,Summer     ,Maize,100,100
Maharashtra,DHULE,2000,Kharif     ,Maize,3600,2400
Maharashtra,DHULE,2000,Rabi       ,Maize,500,600
Maharashtra,DHULE,2001,Kharif     ,Maize,6400,11500
Maharashtra,DHULE,2001,Rabi       ,Maize,600,1100
Maharashtra,DHULE,2001,Summer     ,Maize,100,100
Maharashtra,DHULE,2002,Kharif     ,Maize,7600,14100
Maharashtra,DHULE,2002,Rabi       ,Maize,800,1200
Maharashtra,DHULE,2003,Kharif     ,Maize,8600,25400
Maharashtra,DHULE,2003,Rabi       ,Maize,800,1700
Maharashtra,DHULE,2004,Kharif     ,Maize,8900,21100
Maharashtra,DHULE,2004,Rabi       ,Maize,700,2200
Maharashtra,DHULE,2004,Summer     ,Maize,100,100
Maharashtra,DHULE,2006,Kharif     ,Maize,20500,39300
Maharashtra,DHULE,2006,Rabi       ,Maize,600,1200
Maharashtra,DHULE,2006,Summer     ,Maize,500,500
Maharashtra,DHULE,2007,Kharif     ,Maize,347,865
Maharashtra,DHULE,2007,Rabi       ,Maize,8,25
Maharashtra,DHULE,2007,Summer     ,Maize,4,5
Maharashtra,DHULE,2008,Kharif     ,Maize,32300,43700
Maharashtra,DHULE,2008,Rabi       ,Maize,9,28
Maharashtra,DHULE,2009,Kharif     ,Maize,37900,85300
Maharashtra,DHULE,2009,Rabi       ,Maize,2100,6500
Maharashtra,DHULE,2010,Kharif     ,Maize,46000,156500
Maharashtra,DHULE,2010,Rabi       ,Maize,2200,7200
Maharashtra,DHULE,2011,Kharif     ,Maize,52700,128400
Maharashtra,DHULE,2011,Rabi       ,Maize,2400,7600
Maharashtra,DHULE,2011,Summer     ,Maize,2100,2400
Maharashtra,DHULE,2012,Kharif     ,Maize,61800,159700
Maharashtra,DHULE,2012,Rabi       ,Maize,2500,7700
Maharashtra,DHULE,2012,Summer     ,Maize,800,900
Maharashtra,DHULE,2013,Kharif     ,Maize,82100,265100
Maharashtra,DHULE,2013,Rabi       ,Maize,2900,5900
Maharashtra,DHULE,2013,Summer     ,Maize,900,1000
Maharashtra,DHULE,2014,Kharif     ,Maize,89600,178200
Maharashtra,DHULE,2014,Rabi       ,Maize,10400,37400
Maharashtra,DHULE,2014,Summer     ,Maize,600,600
Maharashtra,GADCHIROLI,1997,Kharif     ,Maize,1800,1600
Maharashtra,GADCHIROLI,1997,Rabi       ,Maize,800,700
Maharashtra,GADCHIROLI,1998,Kharif     ,Maize,3000,5700
Maharashtra,GADCHIROLI,1999,Kharif     ,Maize,3000,3900
Maharashtra,GADCHIROLI,2000,Kharif     ,Maize,2700,3600
Maharashtra,GADCHIROLI,2000,Rabi       ,Maize,200,200
Maharashtra,GADCHIROLI,2001,Kharif     ,Maize,2000,5200
Maharashtra,GADCHIROLI,2001,Rabi       ,Maize,200,400
Maharashtra,GADCHIROLI,2002,Kharif     ,Maize,2100,4300
Maharashtra,GADCHIROLI,2002,Rabi       ,Maize,200,200
Maharashtra,GADCHIROLI,2003,Kharif     ,Maize,2400,5100
Maharashtra,GADCHIROLI,2003,Rabi       ,Maize,300,600
Maharashtra,GADCHIROLI,2004,Kharif     ,Maize,2300,2800
Maharashtra,GADCHIROLI,2004,Rabi       ,Maize,200,300
Maharashtra,GADCHIROLI,2006,Kharif     ,Maize,2200,3600
Maharashtra,GADCHIROLI,2006,Rabi       ,Maize,400,1000
Maharashtra,GADCHIROLI,2007,Kharif     ,Maize,23,71
Maharashtra,GADCHIROLI,2007,Rabi       ,Maize,4,11
Maharashtra,GADCHIROLI,2008,Kharif     ,Maize,2200,3300
Maharashtra,GADCHIROLI,2008,Rabi       ,Maize,2,4
Maharashtra,GADCHIROLI,2009,Kharif     ,Maize,2200,4900
Maharashtra,GADCHIROLI,2009,Rabi       ,Maize,300,100
Maharashtra,GADCHIROLI,2010,Kharif     ,Maize,1900,4600
Maharashtra,GADCHIROLI,2010,Rabi       ,Maize,1200,2500
Maharashtra,GADCHIROLI,2011,Kharif     ,Maize,2200,1500
Maharashtra,GADCHIROLI,2011,Rabi       ,Maize,1200,3100
Maharashtra,GADCHIROLI,2012,Kharif     ,Maize,1900,4300
Maharashtra,GADCHIROLI,2012,Rabi       ,Maize,900,700
Maharashtra,GADCHIROLI,2012,Summer     ,Maize,500,500
Maharashtra,GADCHIROLI,2013,Kharif     ,Maize,1700,4900
Maharashtra,GADCHIROLI,2013,Rabi       ,Maize,1000,2500
Maharashtra,GADCHIROLI,2014,Kharif     ,Maize,1500,2700
Maharashtra,GADCHIROLI,2014,Rabi       ,Maize,300,200
Maharashtra,GONDIA,1999,Kharif     ,Maize,200,200
Maharashtra,GONDIA,1999,Rabi       ,Maize,300,500
Maharashtra,GONDIA,2000,Kharif     ,Maize,200,200
Maharashtra,GONDIA,2001,Kharif     ,Maize,200,500
Maharashtra,GONDIA,2002,Kharif     ,Maize,100,200
Maharashtra,GONDIA,2002,Summer     ,Maize,100,100
Maharashtra,GONDIA,2003,Kharif     ,Maize,200,400
Maharashtra,GONDIA,2004,Kharif     ,Maize,200,200
Maharashtra,GONDIA,2006,Kharif     ,Maize,100,200
Maharashtra,GONDIA,2007,Kharif     ,Maize,1,3
Maharashtra,GONDIA,2008,Kharif     ,Maize,100,200
Maharashtra,GONDIA,2009,Kharif     ,Maize,100,200
Maharashtra,GONDIA,2010,Kharif     ,Maize,100,200
Maharashtra,GONDIA,2010,Rabi       ,Maize,100,200
Maharashtra,GONDIA,2011,Kharif     ,Maize,200,100
Maharashtra,GONDIA,2012,Kharif     ,Maize,100,100
Maharashtra,GONDIA,2012,Summer     ,Maize,100,100
Maharashtra,GONDIA,2013,Kharif     ,Maize,100,300
Maharashtra,GONDIA,2014,Rabi       ,Maize,400,100
Maharashtra,GONDIA,2014,Summer     ,Maize,200,200
Maharashtra,HINGOLI,2000,Kharif     ,Maize,200,200
Maharashtra,HINGOLI,2000,Rabi       ,Maize,100,100
Maharashtra,HINGOLI,2001,Kharif     ,Maize,200,400
Maharashtra,HINGOLI,2001,Rabi       ,Maize,100,200
Maharashtra,HINGOLI,2001,Summer     ,Maize,100,100
Maharashtra,HINGOLI,2002,Kharif     ,Maize,600,1000
Maharashtra,HINGOLI,2002,Rabi       ,Maize,100,100
Maharashtra,HINGOLI,2002,Summer     ,Maize,100,100
Maharashtra,HINGOLI,2003,Kharif     ,Maize,800,300
Maharashtra,HINGOLI,2003,Rabi       ,Maize,200,300
Maharashtra,HINGOLI,2004,Kharif     ,Maize,500,500
Maharashtra,HINGOLI,2004,Summer     ,Maize,100,100
Maharashtra,HINGOLI,2006,Kharif     ,Maize,500,500
Maharashtra,HINGOLI,2006,Rabi       ,Maize,300,700
Maharashtra,HINGOLI,2006,Summer     ,Maize,700,900
Maharashtra,HINGOLI,2007,Kharif     ,Maize,5,4
Maharashtra,HINGOLI,2007,Rabi       ,Maize,2,5
Maharashtra,HINGOLI,2008,Kharif     ,Maize,1100,900
Maharashtra,HINGOLI,2008,Rabi       ,Maize,3,5
Maharashtra,HINGOLI,2009,Kharif     ,Maize,800,900
Maharashtra,HINGOLI,2009,Rabi       ,Maize,300,100
Maharashtra,HINGOLI,2010,Kharif     ,Maize,600,500
Maharashtra,HINGOLI,2010,Rabi       ,Maize,800,1700
Maharashtra,HINGOLI,2011,Kharif     ,Maize,600,700
Maharashtra,HINGOLI,2011,Rabi       ,Maize,300,800
Maharashtra,HINGOLI,2011,Summer     ,Maize,200,300
Maharashtra,HINGOLI,2012,Kharif     ,Maize,600,600
Maharashtra,HINGOLI,2012,Rabi       ,Maize,200,100
Maharashtra,HINGOLI,2012,Summer     ,Maize,200,300
Maharashtra,HINGOLI,2013,Kharif     ,Maize,400,500
Maharashtra,HINGOLI,2013,Rabi       ,Maize,400,1000
Maharashtra,HINGOLI,2013,Summer     ,Maize,1200,1600
Maharashtra,HINGOLI,2014,Kharif     ,Maize,1300,500
Maharashtra,HINGOLI,2014,Rabi       ,Maize,500,100
Maharashtra,HINGOLI,2014,Summer     ,Maize,1600,1000
Maharashtra,JALGAON,1997,Autumn     ,Maize,3,3980
Maharashtra,JALGAON,1997,Kharif     ,Maize,8500,17200
Maharashtra,JALGAON,1997,Rabi       ,Maize,300,500
Maharashtra,JALGAON,1997,Summer     ,Maize,500,700
Maharashtra,JALGAON,1998,Kharif     ,Maize,7700,16300
Maharashtra,JALGAON,1998,Rabi       ,Maize,400,600
Maharashtra,JALGAON,1998,Summer     ,Maize,500,700
Maharashtra,JALGAON,1999,Kharif     ,Maize,8300,13500
Maharashtra,JALGAON,1999,Rabi       ,Maize,500,800
Maharashtra,JALGAON,1999,Summer     ,Maize,400,500
Maharashtra,JALGAON,2000,Kharif     ,Maize,9100,5700
Maharashtra,JALGAON,2000,Rabi       ,Maize,400,400
Maharashtra,JALGAON,2001,Kharif     ,Maize,9400,17200
Maharashtra,JALGAON,2001,Rabi       ,Maize,300,600
Maharashtra,JALGAON,2001,Summer     ,Maize,200,300
Maharashtra,JALGAON,2002,Kharif     ,Maize,13600,39200
Maharashtra,JALGAON,2002,Rabi       ,Maize,300,500
Maharashtra,JALGAON,2002,Summer     ,Maize,400,500
Maharashtra,JALGAON,2003,Kharif     ,Maize,14900,49600
Maharashtra,JALGAON,2003,Rabi       ,Maize,1100,2100
Maharashtra,JALGAON,2004,Kharif     ,Maize,19500,40200
Maharashtra,JALGAON,2004,Rabi       ,Maize,1200,2700
Maharashtra,JALGAON,2004,Summer     ,Maize,600,1100
Maharashtra,JALGAON,2006,Kharif     ,Maize,39300,122200
Maharashtra,JALGAON,2006,Rabi       ,Maize,4400,8000
Maharashtra,JALGAON,2006,Summer     ,Maize,2400,3800
Maharashtra,JALGAON,2007,Kharif     ,Maize,612,1766
Maharashtra,JALGAON,2007,Rabi       ,Maize,58,150
Maharashtra,JALGAON,2007,Summer     ,Maize,23,35
Maharashtra,JALGAON,2008,Kharif     ,Maize,69000,174900
Maharashtra,JALGAON,2008,Rabi       ,Maize,53,153
Maharashtra,JALGAON,2009,Kharif     ,Maize,76300,167800
Maharashtra,JALGAON,2009,Rabi       ,Maize,9400,28000
Maharashtra,JALGAON,2010,Kharif     ,Maize,75000,249000
Maharashtra,JALGAON,2010,Rabi       ,Maize,11800,34600
Maharashtra,JALGAON,2011,Kharif     ,Maize,65000,235100
Maharashtra,JALGAON,2011,Rabi       ,Maize,12200,34700
Maharashtra,JALGAON,2011,Summer     ,Maize,2000,3100
Maharashtra,JALGAON,2012,Kharif     ,Maize,70600,188600
Maharashtra,JALGAON,2012,Rabi       ,Maize,11600,31600
Maharashtra,JALGAON,2013,Kharif     ,Maize,70700,270500
Maharashtra,JALGAON,2013,Rabi       ,Maize,11600,26100
Maharashtra,JALGAON,2013,Summer     ,Maize,5200,8000
Maharashtra,JALGAON,2014,Kharif     ,Maize,94600,235100
Maharashtra,JALGAON,2014,Rabi       ,Maize,50100,188200
Maharashtra,JALGAON,2014,Summer     ,Maize,9400,23500
Maharashtra,JALNA,1997,Kharif     ,Maize,30300,30000
Maharashtra,JALNA,1997,Rabi       ,Maize,1000,1800
Maharashtra,JALNA,1997,Summer     ,Maize,200,300
Maharashtra,JALNA,1998,Kharif     ,Maize,33200,73600
Maharashtra,JALNA,1998,Rabi       ,Maize,3200,5000
Maharashtra,JALNA,1998,Summer     ,Maize,500,700
Maharashtra,JALNA,1999,Kharif     ,Maize,34100,61900
Maharashtra,JALNA,1999,Rabi       ,Maize,3700,5800
Maharashtra,JALNA,1999,Summer     ,Maize,500,800
Maharashtra,JALNA,2000,Kharif     ,Maize,41900,39900
Maharashtra,JALNA,2000,Rabi       ,Maize,3700,4300
Maharashtra,JALNA,2001,Kharif     ,Maize,38600,56800
Maharashtra,JALNA,2001,Rabi       ,Maize,2500,4600
Maharashtra,JALNA,2001,Summer     ,Maize,100,100
Maharashtra,JALNA,2002,Kharif     ,Maize,54400,119300
Maharashtra,JALNA,2002,Rabi       ,Maize,3100,3500
Maharashtra,JALNA,2002,Summer     ,Maize,300,500
Maharashtra,JALNA,2003,Kharif     ,Maize,57900,154700
Maharashtra,JALNA,2003,Rabi       ,Maize,3300,7200
Maharashtra,JALNA,2004,Kharif     ,Maize,57300,105700
Maharashtra,JALNA,2004,Rabi       ,Maize,3600,4000
Maharashtra,JALNA,2006,Kharif     ,Maize,63900,139700
Maharashtra,JALNA,2006,Rabi       ,Maize,3400,7100
Maharashtra,JALNA,2006,Summer     ,Maize,400,100
Maharashtra,JALNA,2007,Kharif     ,Maize,597,1904
Maharashtra,JALNA,2007,Rabi       ,Maize,85,258
Maharashtra,JALNA,2008,Kharif     ,Maize,56800,89600
Maharashtra,JALNA,2008,Rabi       ,Maize,41,78
Maharashtra,JALNA,2009,Kharif     ,Maize,59600,124100
Maharashtra,JALNA,2009,Rabi       ,Maize,1800,5000
Maharashtra,JALNA,2010,Kharif     ,Maize,60800,175700
Maharashtra,JALNA,2010,Rabi       ,Maize,2700,8100
Maharashtra,JALNA,2011,Kharif     ,Maize,58700,152900
Maharashtra,JALNA,2011,Rabi       ,Maize,1700,5000
Maharashtra,JALNA,2012,Kharif     ,Maize,62900,111000
Maharashtra,JALNA,2012,Rabi       ,Maize,2300,3600
Maharashtra,JALNA,2013,Kharif     ,Maize,73500,196400
Maharashtra,JALNA,2013,Rabi       ,Maize,7500,16400
Maharashtra,JALNA,2013,Summer     ,Maize,2300,1200
Maharashtra,JALNA,2014,Kharif     ,Maize,57600,32200
Maharashtra,JALNA,2014,Summer     ,Maize,200,100
Maharashtra,KOLHAPUR,1997,Kharif     ,Maize,1500,1600
Maharashtra,KOLHAPUR,1997,Rabi       ,Maize,4000,3200
Maharashtra,KOLHAPUR,1997,Summer     ,Maize,100,200
Maharashtra,KOLHAPUR,1998,Kharif     ,Maize,2300,4600
Maharashtra,KOLHAPUR,1998,Rabi       ,Maize,3100,4500
Maharashtra,KOLHAPUR,1998,Summer     ,Maize,100,300
Maharashtra,KOLHAPUR,1999,Kharif     ,Maize,2700,3900
Maharashtra,KOLHAPUR,1999,Rabi       ,Maize,3300,5500
Maharashtra,KOLHAPUR,1999,Summer     ,Maize,100,200
Maharashtra,KOLHAPUR,2000,Kharif     ,Maize,2100,1300
Maharashtra,KOLHAPUR,2000,Rabi       ,Maize,3700,6200
Maharashtra,KOLHAPUR,2001,Kharif     ,Maize,1800,3900
Maharashtra,KOLHAPUR,2001,Rabi       ,Maize,4700,10100
Maharashtra,KOLHAPUR,2001,Summer     ,Maize,100,100
Maharashtra,KOLHAPUR,2002,Kharif     ,Maize,2400,3300
Maharashtra,KOLHAPUR,2002,Rabi       ,Maize,5300,10400
Maharashtra,KOLHAPUR,2002,Summer     ,Maize,100,200
Maharashtra,KOLHAPUR,2003,Kharif     ,Maize,2400,5100
Maharashtra,KOLHAPUR,2003,Rabi       ,Maize,5500,10500
Maharashtra,KOLHAPUR,2004,Kharif     ,Maize,2500,5900
Maharashtra,KOLHAPUR,2004,Rabi       ,Maize,6100,17300
Maharashtra,KOLHAPUR,2004,Summer     ,Maize,700,1300
Maharashtra,KOLHAPUR,2006,Kharif     ,Maize,3000,1800
Maharashtra,KOLHAPUR,2006,Rabi       ,Maize,6200,13800
Maharashtra,KOLHAPUR,2006,Summer     ,Maize,2200,4500
Maharashtra,KOLHAPUR,2007,Kharif     ,Maize,23,45
Maharashtra,KOLHAPUR,2007,Rabi       ,Maize,68,214
Maharashtra,KOLHAPUR,2007,Summer     ,Maize,25,49
Maharashtra,KOLHAPUR,2008,Kharif     ,Maize,2800,5400
Maharashtra,KOLHAPUR,2008,Rabi       ,Maize,70,179
Maharashtra,KOLHAPUR,2009,Kharif     ,Maize,2900,6800
Maharashtra,KOLHAPUR,2009,Rabi       ,Maize,6200,17500
Maharashtra,KOLHAPUR,2010,Kharif     ,Maize,3200,8300
Maharashtra,KOLHAPUR,2010,Rabi       ,Maize,6900,14400
Maharashtra,KOLHAPUR,2011,Kharif     ,Maize,2200,4600
Maharashtra,KOLHAPUR,2011,Rabi       ,Maize,7000,24000
Maharashtra,KOLHAPUR,2011,Summer     ,Maize,2400,4800
Maharashtra,KOLHAPUR,2012,Kharif     ,Maize,1700,2700
Maharashtra,KOLHAPUR,2012,Rabi       ,Maize,3800,7700
Maharashtra,KOLHAPUR,2013,Kharif     ,Maize,2200,5000
Maharashtra,KOLHAPUR,2013,Rabi       ,Maize,4300,11600
Maharashtra,KOLHAPUR,2013,Summer     ,Maize,100,200
Maharashtra,KOLHAPUR,2014,Kharif     ,Maize,2900,9800
Maharashtra,KOLHAPUR,2014,Rabi       ,Maize,6500,19400
Maharashtra,KOLHAPUR,2014,Summer     ,Maize,100,300
Maharashtra,LATUR,1997,Kharif     ,Maize,3000,2000
Maharashtra,LATUR,1997,Rabi       ,Maize,1100,1700
Maharashtra,LATUR,1997,Summer     ,Maize,100,100
Maharashtra,LATUR,1998,Kharif     ,Maize,3900,7300
Maharashtra,LATUR,1998,Summer     ,Maize,300,400
Maharashtra,LATUR,1999,Kharif     ,Maize,4100,4500
Maharashtra,LATUR,1999,Summer     ,Maize,400,500
Maharashtra,LATUR,2000,Kharif     ,Maize,4800,4600
Maharashtra,LATUR,2000,Rabi       ,Maize,1100,1300
Maharashtra,LATUR,2001,Kharif     ,Maize,4700,8600
Maharashtra,LATUR,2001,Rabi       ,Maize,800,1500
Maharashtra,LATUR,2001,Summer     ,Maize,300,400
Maharashtra,LATUR,2002,Kharif     ,Maize,4100,2900
Maharashtra,LATUR,2002,Rabi       ,Maize,300,300
Maharashtra,LATUR,2002,Summer     ,Maize,200,200
Maharashtra,LATUR,2003,Kharif     ,Maize,3900,1500
Maharashtra,LATUR,2003,Rabi       ,Maize,1000,1800
Maharashtra,LATUR,2004,Kharif     ,Maize,4000,3800
Maharashtra,LATUR,2004,Rabi       ,Maize,1300,1800
Maharashtra,LATUR,2004,Summer     ,Maize,400,400
Maharashtra,LATUR,2006,Kharif     ,Maize,3800,3600
Maharashtra,LATUR,2006,Rabi       ,Maize,700,1700
Maharashtra,LATUR,2006,Summer     ,Maize,400,500
Maharashtra,LATUR,2007,Kharif     ,Maize,40,33
Maharashtra,LATUR,2007,Rabi       ,Maize,6,16
Maharashtra,LATUR,2007,Summer     ,Maize,4,5
Maharashtra,LATUR,2008,Kharif     ,Maize,4800,3900
Maharashtra,LATUR,2008,Rabi       ,Maize,8,15
Maharashtra,LATUR,2009,Kharif     ,Maize,3800,4400
Maharashtra,LATUR,2009,Rabi       ,Maize,1000,400
Maharashtra,LATUR,2010,Kharif     ,Maize,4500,3900
Maharashtra,LATUR,2010,Rabi       ,Maize,1600,3300
Maharashtra,LATUR,2011,Kharif     ,Maize,6800,9900
Maharashtra,LATUR,2011,Rabi       ,Maize,2100,5400
Maharashtra,LATUR,2011,Summer     ,Maize,400,500
Maharashtra,LATUR,2012,Kharif     ,Maize,6800,14300
Maharashtra,LATUR,2012,Rabi       ,Maize,2200,3800
Maharashtra,LATUR,2013,Kharif     ,Maize,7100,18500
Maharashtra,LATUR,2013,Rabi       ,Maize,3200,7500
Maharashtra,LATUR,2013,Summer     ,Maize,500,600
Maharashtra,LATUR,2014,Kharif     ,Maize,6700,4100
Maharashtra,LATUR,2014,Rabi       ,Maize,2000,1100
Maharashtra,MUMBAI,1997,Autumn     ,Maize,3,2
Maharashtra,NAGPUR,1997,Kharif     ,Maize,200,200
Maharashtra,NAGPUR,1999,Kharif     ,Maize,300,300
Maharashtra,NAGPUR,2000,Kharif     ,Maize,500,500
Maharashtra,NAGPUR,2001,Kharif     ,Maize,400,1000
Maharashtra,NAGPUR,2002,Kharif     ,Maize,400,800
Maharashtra,NAGPUR,2003,Kharif     ,Maize,400,900
Maharashtra,NAGPUR,2004,Kharif     ,Maize,400,500
Maharashtra,NAGPUR,2006,Kharif     ,Maize,400,700
Maharashtra,NAGPUR,2007,Kharif     ,Maize,5,15
Maharashtra,NAGPUR,2008,Kharif     ,Maize,600,900
Maharashtra,NAGPUR,2009,Kharif     ,Maize,200,400
Maharashtra,NAGPUR,2010,Kharif     ,Maize,100,200
Maharashtra,NAGPUR,2011,Kharif     ,Maize,400,300
Maharashtra,NAGPUR,2012,Kharif     ,Maize,400,900
Maharashtra,NAGPUR,2012,Summer     ,Maize,100,100
Maharashtra,NAGPUR,2013,Kharif     ,Maize,200,600
Maharashtra,NAGPUR,2013,Summer     ,Maize,300,300
Maharashtra,NAGPUR,2014,Kharif     ,Maize,200,400
Maharashtra,NAGPUR,2014,Summer     ,Maize,400,400
Maharashtra,NANDED,1997,Summer     ,Maize,100,100
Maharashtra,NANDED,1998,Summer     ,Maize,100,100
Maharashtra,NANDED,1999,Summer     ,Maize,100,100
Maharashtra,NANDED,2000,Rabi       ,Maize,100,100
Maharashtra,NANDED,2001,Kharif     ,Maize,600,1100
Maharashtra,NANDED,2001,Rabi       ,Maize,600,1100
Maharashtra,NANDED,2002,Kharif     ,Maize,600,400
Maharashtra,NANDED,2002,Rabi       ,Maize,800,900
Maharashtra,NANDED,2002,Summer     ,Maize,100,100
Maharashtra,NANDED,2003,Kharif     ,Maize,700,300
Maharashtra,NANDED,2003,Rabi       ,Maize,900,1700
Maharashtra,NANDED,2004,Kharif     ,Maize,700,700
Maharashtra,NANDED,2004,Rabi       ,Maize,700,1000
Maharashtra,NANDED,2004,Summer     ,Maize,100,100
Maharashtra,NANDED,2006,Kharif     ,Maize,300,300
Maharashtra,NANDED,2006,Rabi       ,Maize,800,1900
Maharashtra,NANDED,2006,Summer     ,Maize,100,100
Maharashtra,NANDED,2007,Kharif     ,Maize,5,4
Maharashtra,NANDED,2007,Rabi       ,Maize,7,19
Maharashtra,NANDED,2007,Summer     ,Maize,1,1
Maharashtra,NANDED,2008,Kharif     ,Maize,700,600
Maharashtra,NANDED,2008,Rabi       ,Maize,2,4
Maharashtra,NANDED,2009,Kharif     ,Maize,600,700
Maharashtra,NANDED,2009,Rabi       ,Maize,500,200
Maharashtra,NANDED,2010,Kharif     ,Maize,700,600
Maharashtra,NANDED,2010,Rabi       ,Maize,400,800
Maharashtra,NANDED,2011,Kharif     ,Maize,500,600
Maharashtra,NANDED,2011,Rabi       ,Maize,400,1000
Maharashtra,NANDED,2011,Summer     ,Maize,200,200
Maharashtra,NANDED,2012,Kharif     ,Maize,500,500
Maharashtra,NANDED,2012,Rabi       ,Maize,300,700
Maharashtra,NANDED,2013,Kharif     ,Maize,400,500
Maharashtra,NANDED,2013,Rabi       ,Maize,100,100
Maharashtra,NANDED,2013,Summer     ,Maize,2200,2100
Maharashtra,NANDED,2014,Kharif     ,Maize,700,300
Maharashtra,NANDED,2014,Rabi       ,Maize,200,100
Maharashtra,NANDED,2014,Summer     ,Maize,3000,3500
Maharashtra,NANDURBAR,1999,Kharif     ,Maize,169,173
Maharashtra,NANDURBAR,2000,Kharif     ,Maize,15900,9800
Maharashtra,NANDURBAR,2000,Rabi       ,Maize,200,200
Maharashtra,NANDURBAR,2001,Kharif     ,Maize,17000,24500
Maharashtra,NANDURBAR,2002,Kharif     ,Maize,16500,20700
Maharashtra,NANDURBAR,2002,Rabi       ,Maize,200,300
Maharashtra,NANDURBAR,2002,Summer     ,Maize,100,100
Maharashtra,NANDURBAR,2003,Kharif     ,Maize,17400,34200
Maharashtra,NANDURBAR,2003,Rabi       ,Maize,800,1300
Maharashtra,NANDURBAR,2004,Kharif     ,Maize,19900,27900
Maharashtra,NANDURBAR,2004,Rabi       ,Maize,300,700
Maharashtra,NANDURBAR,2004,Summer     ,Maize,100,100
Maharashtra,NANDURBAR,2006,Kharif     ,Maize,24600,30300
Maharashtra,NANDURBAR,2006,Rabi       ,Maize,500,900
Maharashtra,NANDURBAR,2006,Summer     ,Maize,400,500
Maharashtra,NANDURBAR,2007,Kharif     ,Maize,298,697
Maharashtra,NANDURBAR,2007,Rabi       ,Maize,5,13
Maharashtra,NANDURBAR,2007,Summer     ,Maize,5,7
Maharashtra,NANDURBAR,2008,Kharif     ,Maize,26100,52100
Maharashtra,NANDURBAR,2008,Rabi       ,Maize,6,17
Maharashtra,NANDURBAR,2009,Kharif     ,Maize,27400,61000
Maharashtra,NANDURBAR,2009,Rabi       ,Maize,800,2400
Maharashtra,NANDURBAR,2010,Kharif     ,Maize,28400,72000
Maharashtra,NANDURBAR,2010,Rabi       ,Maize,1000,2900
Maharashtra,NANDURBAR,2011,Kharif     ,Maize,29200,88100
Maharashtra,NANDURBAR,2011,Rabi       ,Maize,1300,3700
Maharashtra,NANDURBAR,2011,Summer     ,Maize,1400,1800
Maharashtra,NANDURBAR,2012,Kharif     ,Maize,32000,84700
Maharashtra,NANDURBAR,2012,Rabi       ,Maize,1600,4400
Maharashtra,NANDURBAR,2013,Kharif     ,Maize,27800,46400
Maharashtra,NANDURBAR,2013,Rabi       ,Maize,2700,6100
Maharashtra,NANDURBAR,2013,Summer     ,Maize,700,900
Maharashtra,NANDURBAR,2014,Kharif     ,Maize,28900,45300
Maharashtra,NANDURBAR,2014,Rabi       ,Maize,2500,9400
Maharashtra,NANDURBAR,2014,Summer     ,Maize,2400,3200
Maharashtra,NASHIK,1997,Autumn     ,Maize,1,1494
Maharashtra,NASHIK,1997,Kharif     ,Maize,15700,27500
Maharashtra,NASHIK,1997,Rabi       ,Maize,1300,2000
Maharashtra,NASHIK,1997,Summer     ,Maize,100,100
Maharashtra,NASHIK,1998,Kharif     ,Maize,15700,32300
Maharashtra,NASHIK,1998,Rabi       ,Maize,1700,2500
Maharashtra,NASHIK,1998,Summer     ,Maize,200,200
Maharashtra,NASHIK,1999,Kharif     ,Maize,18100,25900
Maharashtra,NASHIK,1999,Rabi       ,Maize,2200,3300
Maharashtra,NASHIK,1999,Summer     ,Maize,200,200
Maharashtra,NASHIK,2000,Kharif     ,Maize,20900,13000
Maharashtra,NASHIK,2000,Rabi       ,Maize,1700,1800
Maharashtra,NASHIK,2001,Kharif     ,Maize,27500,62300
Maharashtra,NASHIK,2001,Rabi       ,Maize,1400,2600
Maharashtra,NASHIK,2002,Kharif     ,Maize,32500,85900
Maharashtra,NASHIK,2002,Rabi       ,Maize,900,1500
Maharashtra,NASHIK,2002,Summer     ,Maize,100,100
Maharashtra,NASHIK,2003,Kharif     ,Maize,36300,88500
Maharashtra,NASHIK,2003,Rabi       ,Maize,1100,2100
Maharashtra,NASHIK,2004,Kharif     ,Maize,39200,85700
Maharashtra,NASHIK,2004,Rabi       ,Maize,900,1400
Maharashtra,NASHIK,2004,Summer     ,Maize,200,400
Maharashtra,NASHIK,2006,Kharif     ,Maize,88300,141900
Maharashtra,NASHIK,2006,Rabi       ,Maize,2200,3900
Maharashtra,NASHIK,2006,Summer     ,Maize,800,1100
Maharashtra,NASHIK,2007,Kharif     ,Maize,997,2891
Maharashtra,NASHIK,2007,Rabi       ,Maize,16,37
Maharashtra,NASHIK,2007,Summer     ,Maize,4,5
Maharashtra,NASHIK,2008,Kharif     ,Maize,101600,293200
Maharashtra,NASHIK,2008,Rabi       ,Maize,23,65
Maharashtra,NASHIK,2009,Kharif     ,Maize,140900,318400
Maharashtra,NASHIK,2009,Rabi       ,Maize,2700,7700
Maharashtra,NASHIK,2010,Kharif     ,Maize,164100,535600
Maharashtra,NASHIK,2010,Rabi       ,Maize,3900,10500
Maharashtra,NASHIK,2011,Kharif     ,Maize,173800,554000
Maharashtra,NASHIK,2011,Rabi       ,Maize,1500,3100
Maharashtra,NASHIK,2011,Summer     ,Maize,700,900
Maharashtra,NASHIK,2012,Kharif     ,Maize,168100,496100
Maharashtra,NASHIK,2012,Rabi       ,Maize,900,1700
Maharashtra,NASHIK,2012,Summer     ,Maize,100,100
Maharashtra,NASHIK,2013,Kharif     ,Maize,144200,556700
Maharashtra,NASHIK,2013,Rabi       ,Maize,1700,5800
Maharashtra,NASHIK,2013,Summer     ,Maize,300,400
Maharashtra,NASHIK,2014,Kharif     ,Maize,116900,309000
Maharashtra,NASHIK,2014,Rabi       ,Maize,2900,13700
Maharashtra,NASHIK,2014,Summer     ,Maize,200,200
Maharashtra,OSMANABAD,1997,Autumn     ,Maize,5,5635
Maharashtra,OSMANABAD,1997,Kharif     ,Maize,8300,5200
Maharashtra,OSMANABAD,1997,Summer     ,Maize,100,100
Maharashtra,OSMANABAD,1998,Kharif     ,Maize,9100,3700
Maharashtra,OSMANABAD,1998,Summer     ,Maize,100,100
Maharashtra,OSMANABAD,1999,Kharif     ,Maize,10700,13000
Maharashtra,OSMANABAD,1999,Summer     ,Maize,200,300
Maharashtra,OSMANABAD,2000,Kharif     ,Maize,12000,11400
Maharashtra,OSMANABAD,2000,Rabi       ,Maize,200,300
Maharashtra,OSMANABAD,2001,Kharif     ,Maize,9000,5200
Maharashtra,OSMANABAD,2001,Summer     ,Maize,200,300
Maharashtra,OSMANABAD,2002,Kharif     ,Maize,10900,7100
Maharashtra,OSMANABAD,2002,Summer     ,Maize,100,100
Maharashtra,OSMANABAD,2003,Kharif     ,Maize,11400,3900
Maharashtra,OSMANABAD,2004,Kharif     ,Maize,12100,9600
Maharashtra,OSMANABAD,2004,Rabi       ,Maize,900,1200
Maharashtra,OSMANABAD,2004,Summer     ,Maize,500,500
Maharashtra,OSMANABAD,2006,Kharif     ,Maize,12500,12000
Maharashtra,OSMANABAD,2006,Rabi       ,Maize,1000,2400
Maharashtra,OSMANABAD,2006,Summer     ,Maize,1600,1000
Maharashtra,OSMANABAD,2007,Kharif     ,Maize,136,111
Maharashtra,OSMANABAD,2007,Rabi       ,Maize,9,24
Maharashtra,OSMANABAD,2007,Summer     ,Maize,5,6
Maharashtra,OSMANABAD,2008,Kharif     ,Maize,12600,10200
Maharashtra,OSMANABAD,2008,Rabi       ,Maize,18,33
Maharashtra,OSMANABAD,2009,Kharif     ,Maize,16200,18900
Maharashtra,OSMANABAD,2009,Rabi       ,Maize,1800,800
Maharashtra,OSMANABAD,2010,Kharif     ,Maize,15600,13600
Maharashtra,OSMANABAD,2010,Rabi       ,Maize,1800,3700
Maharashtra,OSMANABAD,2011,Kharif     ,Maize,16200,17700
Maharashtra,OSMANABAD,2011,Rabi       ,Maize,2100,5400
Maharashtra,OSMANABAD,2011,Summer     ,Maize,800,700
Maharashtra,OSMANABAD,2012,Kharif     ,Maize,18400,10800
Maharashtra,OSMANABAD,2012,Rabi       ,Maize,2300,1700
Maharashtra,OSMANABAD,2012,Summer     ,Maize,700,600
Maharashtra,OSMANABAD,2013,Kharif     ,Maize,21200,23000
Maharashtra,OSMANABAD,2013,Rabi       ,Maize,2500,6600
Maharashtra,OSMANABAD,2013,Summer     ,Maize,1300,1000
Maharashtra,OSMANABAD,2014,Kharif     ,Maize,21200,8000
Maharashtra,OSMANABAD,2014,Rabi       ,Maize,2700,1600
Maharashtra,OSMANABAD,2014,Summer     ,Maize,1300,800
Maharashtra,PARBHANI,1997,Kharif     ,Maize,1200,900
Maharashtra,PARBHANI,1997,Rabi       ,Maize,300,500
Maharashtra,PARBHANI,1997,Summer     ,Maize,200,300
Maharashtra,PARBHANI,1998,Kharif     ,Maize,1300,2400
Maharashtra,PARBHANI,1998,Rabi       ,Maize,400,600
Maharashtra,PARBHANI,1998,Summer     ,Maize,300,400
Maharashtra,PARBHANI,1999,Kharif     ,Maize,1200,1400
Maharashtra,PARBHANI,1999,Rabi       ,Maize,100,100
Maharashtra,PARBHANI,1999,Summer     ,Maize,400,500
Maharashtra,PARBHANI,2000,Kharif     ,Maize,1400,1300
Maharashtra,PARBHANI,2000,Rabi       ,Maize,900,1100
Maharashtra,PARBHANI,2001,Kharif     ,Maize,1300,2400
Maharashtra,PARBHANI,2001,Rabi       ,Maize,500,900
Maharashtra,PARBHANI,2001,Summer     ,Maize,300,400
Maharashtra,PARBHANI,2002,Kharif     ,Maize,1300,900
Maharashtra,PARBHANI,2002,Rabi       ,Maize,600,700
Maharashtra,PARBHANI,2002,Summer     ,Maize,200,300
Maharashtra,PARBHANI,2003,Kharif     ,Maize,1600,600
Maharashtra,PARBHANI,2003,Rabi       ,Maize,500,900
Maharashtra,PARBHANI,2004,Kharif     ,Maize,1700,1600
Maharashtra,PARBHANI,2004,Rabi       ,Maize,600,800
Maharashtra,PARBHANI,2006,Kharif     ,Maize,1700,1600
Maharashtra,PARBHANI,2006,Rabi       ,Maize,800,1900
Maharashtra,PARBHANI,2006,Summer     ,Maize,300,200
Maharashtra,PARBHANI,2007,Kharif     ,Maize,15,12
Maharashtra,PARBHANI,2007,Rabi       ,Maize,8,22
Maharashtra,PARBHANI,2007,Summer     ,Maize,2,3
Maharashtra,PARBHANI,2008,Kharif     ,Maize,1500,1200
Maharashtra,PARBHANI,2008,Rabi       ,Maize,9,16
Maharashtra,PARBHANI,2009,Kharif     ,Maize,1400,1600
Maharashtra,PARBHANI,2009,Rabi       ,Maize,900,400
Maharashtra,PARBHANI,2010,Kharif     ,Maize,1400,1200
Maharashtra,PARBHANI,2010,Rabi       ,Maize,400,800
Maharashtra,PARBHANI,2011,Kharif     ,Maize,1900,2300
Maharashtra,PARBHANI,2011,Rabi       ,Maize,800,2100
Maharashtra,PARBHANI,2011,Summer     ,Maize,200,200
Maharashtra,PARBHANI,2012,Kharif     ,Maize,1900,1800
Maharashtra,PARBHANI,2012,Rabi       ,Maize,400,200
Maharashtra,PARBHANI,2012,Summer     ,Maize,1800,1800
Maharashtra,PARBHANI,2013,Kharif     ,Maize,1900,2600
Maharashtra,PARBHANI,2013,Rabi       ,Maize,200,500
Maharashtra,PARBHANI,2013,Summer     ,Maize,800,800
Maharashtra,PARBHANI,2014,Kharif     ,Maize,1500,600
Maharashtra,PARBHANI,2014,Summer     ,Maize,400,300
Maharashtra,PUNE,1997,Autumn     ,Maize,4,4570
Maharashtra,PUNE,1997,Kharif     ,Maize,4400,4700
Maharashtra,PUNE,1997,Rabi       ,Maize,6900,10300
Maharashtra,PUNE,1997,Summer     ,Maize,1200,2200
Maharashtra,PUNE,1998,Kharif     ,Maize,4800,10400
Maharashtra,PUNE,1998,Rabi       ,Maize,7400,10300
Maharashtra,PUNE,1998,Summer     ,Maize,1700,3100
Maharashtra,PUNE,1999,Kharif     ,Maize,5100,7500
Maharashtra,PUNE,1999,Rabi       ,Maize,8600,12600
Maharashtra,PUNE,1999,Summer     ,Maize,1300,2300
Maharashtra,PUNE,2000,Kharif     ,Maize,5800,3600
Maharashtra,PUNE,2000,Rabi       ,Maize,10400,11500
Maharashtra,PUNE,2001,Kharif     ,Maize,5800,8900
Maharashtra,PUNE,2001,Rabi       ,Maize,8100,14900
Maharashtra,PUNE,2001,Summer     ,Maize,1400,2000
Maharashtra,PUNE,2002,Kharif     ,Maize,5500,13500
Maharashtra,PUNE,2002,Rabi       ,Maize,8200,12800
Maharashtra,PUNE,2002,Summer     ,Maize,1200,2200
Maharashtra,PUNE,2003,Kharif     ,Maize,5500,12400
Maharashtra,PUNE,2003,Rabi       ,Maize,4900,5700
Maharashtra,PUNE,2004,Kharif     ,Maize,7000,13600
Maharashtra,PUNE,2004,Rabi       ,Maize,6200,16600
Maharashtra,PUNE,2004,Summer     ,Maize,2100,3500
Maharashtra,PUNE,2006,Kharif     ,Maize,8500,19600
Maharashtra,PUNE,2006,Rabi       ,Maize,8300,20400
Maharashtra,PUNE,2006,Summer     ,Maize,1500,2500
Maharashtra,PUNE,2007,Kharif     ,Maize,74,207
Maharashtra,PUNE,2007,Rabi       ,Maize,82,228
Maharashtra,PUNE,2007,Summer     ,Maize,10,17
Maharashtra,PUNE,2008,Kharif     ,Maize,5700,13400
Maharashtra,PUNE,2008,Rabi       ,Maize,104,266
Maharashtra,PUNE,2009,Kharif     ,Maize,4900,10100
Maharashtra,PUNE,2009,Rabi       ,Maize,11100,31000
Maharashtra,PUNE,2010,Kharif     ,Maize,10500,24500
Maharashtra,PUNE,2010,Rabi       ,Maize,14800,47700
Maharashtra,PUNE,2011,Kharif     ,Maize,10500,31400
Maharashtra,PUNE,2011,Rabi       ,Maize,14700,52400
Maharashtra,PUNE,2011,Summer     ,Maize,2000,3400
Maharashtra,PUNE,2012,Kharif     ,Maize,9500,23300
Maharashtra,PUNE,2012,Rabi       ,Maize,15200,41900
Maharashtra,PUNE,2012,Summer     ,Maize,500,900
Maharashtra,PUNE,2013,Kharif     ,Maize,11800,33000
Maharashtra,PUNE,2013,Rabi       ,Maize,19000,57000
Maharashtra,PUNE,2013,Summer     ,Maize,1100,1900
Maharashtra,PUNE,2014,Kharif     ,Maize,13300,54500
Maharashtra,PUNE,2014,Rabi       ,Maize,21600,77300
Maharashtra,PUNE,2014,Summer     ,Maize,1100,1600
Maharashtra,RAIGAD,2006,Rabi       ,Maize,100,200
Maharashtra,RAIGAD,2007,Rabi       ,Maize,2,5
Maharashtra,RAIGAD,2008,Rabi       ,Maize,2,6
Maharashtra,RAIGAD,2011,Rabi       ,Maize,200,600
Maharashtra,RATNAGIRI,2002,Rabi       ,Maize,100,100
Maharashtra,RATNAGIRI,2003,Rabi       ,Maize,100,200
Maharashtra,RATNAGIRI,2004,Rabi       ,Maize,100,100
Maharashtra,RATNAGIRI,2006,Rabi       ,Maize,100,200
Maharashtra,RATNAGIRI,2007,Rabi       ,Maize,1,3
Maharashtra,RATNAGIRI,2008,Rabi       ,Maize,1,3
Maharashtra,RATNAGIRI,2009,Rabi       ,Maize,100,300
Maharashtra,RATNAGIRI,2010,Rabi       ,Maize,100,300
Maharashtra,RATNAGIRI,2011,Rabi       ,Maize,100,300
Maharashtra,SANGLI,1997,Kharif     ,Maize,7500,10100
Maharashtra,SANGLI,1997,Rabi       ,Maize,3600,3600
Maharashtra,SANGLI,1997,Summer     ,Maize,1100,2000
Maharashtra,SANGLI,1998,Kharif     ,Maize,8200,16000
Maharashtra,SANGLI,1998,Rabi       ,Maize,5400,8500
Maharashtra,SANGLI,1998,Summer     ,Maize,1600,2700
Maharashtra,SANGLI,1999,Kharif     ,Maize,9300,14900
Maharashtra,SANGLI,1999,Rabi       ,Maize,6300,9800
Maharashtra,SANGLI,1999,Summer     ,Maize,1800,3100
Maharashtra,SANGLI,2000,Kharif     ,Maize,9900,6200
Maharashtra,SANGLI,2000,Rabi       ,Maize,7300,12000
Maharashtra,SANGLI,2001,Kharif     ,Maize,8500,18200
Maharashtra,SANGLI,2001,Rabi       ,Maize,7500,12300
Maharashtra,SANGLI,2001,Summer     ,Maize,1100,1500
Maharashtra,SANGLI,2002,Kharif     ,Maize,9100,10300
Maharashtra,SANGLI,2002,Rabi       ,Maize,6900,12600
Maharashtra,SANGLI,2002,Summer     ,Maize,1200,2100
Maharashtra,SANGLI,2003,Kharif     ,Maize,5900,11200
Maharashtra,SANGLI,2003,Rabi       ,Maize,7300,19600
Maharashtra,SANGLI,2004,Kharif     ,Maize,13400,29200
Maharashtra,SANGLI,2004,Rabi       ,Maize,8500,15900
Maharashtra,SANGLI,2004,Summer     ,Maize,1800,2700
Maharashtra,SANGLI,2006,Kharif     ,Maize,16100,9500
Maharashtra,SANGLI,2006,Rabi       ,Maize,9100,21000
Maharashtra,SANGLI,2006,Summer     ,Maize,800,1200
Maharashtra,SANGLI,2007,Kharif     ,Maize,224,514
Maharashtra,SANGLI,2007,Rabi       ,Maize,106,287
Maharashtra,SANGLI,2007,Summer     ,Maize,12,19
Maharashtra,SANGLI,2008,Kharif     ,Maize,13400,27800
Maharashtra,SANGLI,2008,Rabi       ,Maize,133,344
Maharashtra,SANGLI,2009,Kharif     ,Maize,14100,34300
Maharashtra,SANGLI,2009,Rabi       ,Maize,14300,36400
Maharashtra,SANGLI,2010,Kharif     ,Maize,26200,81600
Maharashtra,SANGLI,2010,Rabi       ,Maize,15500,48900
Maharashtra,SANGLI,2011,Kharif     ,Maize,32800,73200
Maharashtra,SANGLI,2011,Rabi       ,Maize,17700,31500
Maharashtra,SANGLI,2011,Summer     ,Maize,2600,4000
Maharashtra,SANGLI,2012,Kharif     ,Maize,17900,32400
Maharashtra,SANGLI,2012,Rabi       ,Maize,17000,32800
Maharashtra,SANGLI,2013,Kharif     ,Maize,26600,57800
Maharashtra,SANGLI,2013,Rabi       ,Maize,18500,52300
Maharashtra,SANGLI,2013,Summer     ,Maize,2800,4400
Maharashtra,SANGLI,2014,Kharif     ,Maize,37100,146400
Maharashtra,SANGLI,2014,Rabi       ,Maize,24300,94100
Maharashtra,SANGLI,2014,Summer     ,Maize,2400,3700
Maharashtra,SATARA,1997,Kharif     ,Maize,6700,8000
Maharashtra,SATARA,1997,Rabi       ,Maize,2900,3600
Maharashtra,SATARA,1997,Summer     ,Maize,400,700
Maharashtra,SATARA,1998,Kharif     ,Maize,7200,14800
Maharashtra,SATARA,1998,Rabi       ,Maize,4000,5600
Maharashtra,SATARA,1998,Summer     ,Maize,600,1000
Maharashtra,SATARA,1999,Kharif     ,Maize,8400,12800
Maharashtra,SATARA,1999,Rabi       ,Maize,4700,7100
Maharashtra,SATARA,1999,Summer     ,Maize,600,1000
Maharashtra,SATARA,2000,Kharif     ,Maize,7100,4400
Maharashtra,SATARA,2000,Rabi       ,Maize,4900,7500
Maharashtra,SATARA,2001,Kharif     ,Maize,7000,15000
Maharashtra,SATARA,2001,Rabi       ,Maize,4800,8800
Maharashtra,SATARA,2001,Summer     ,Maize,600,800
Maharashtra,SATARA,2002,Kharif     ,Maize,8000,12900
Maharashtra,SATARA,2002,Rabi       ,Maize,4900,14100
Maharashtra,SATARA,2002,Summer     ,Maize,400,700
Maharashtra,SATARA,2003,Kharif     ,Maize,7800,16500
Maharashtra,SATARA,2003,Rabi       ,Maize,4700,7900
Maharashtra,SATARA,2004,Kharif     ,Maize,9900,13400
Maharashtra,SATARA,2004,Rabi       ,Maize,4900,13900
Maharashtra,SATARA,2004,Summer     ,Maize,1300,2200
Maharashtra,SATARA,2006,Kharif     ,Maize,8000,5100
Maharashtra,SATARA,2006,Rabi       ,Maize,6900,19100
Maharashtra,SATARA,2006,Summer     ,Maize,600,1000
Maharashtra,SATARA,2007,Kharif     ,Maize,93,110
Maharashtra,SATARA,2007,Rabi       ,Maize,59,155
Maharashtra,SATARA,2007,Summer     ,Maize,8,13
Maharashtra,SATARA,2008,Kharif     ,Maize,6600,10900
Maharashtra,SATARA,2008,Rabi       ,Maize,60,151
Maharashtra,SATARA,2009,Kharif     ,Maize,10200,22900
Maharashtra,SATARA,2009,Rabi       ,Maize,6400,19700
Maharashtra,SATARA,2010,Kharif     ,Maize,12200,17200
Maharashtra,SATARA,2010,Rabi       ,Maize,6800,21000
Maharashtra,SATARA,2011,Kharif     ,Maize,11900,19900
Maharashtra,SATARA,2011,Rabi       ,Maize,6700,19500
Maharashtra,SATARA,2011,Summer     ,Maize,3700,6000
Maharashtra,SATARA,2012,Kharif     ,Maize,10900,12600
Maharashtra,SATARA,2012,Rabi       ,Maize,6000,14100
Maharashtra,SATARA,2012,Summer     ,Maize,2600,4200
Maharashtra,SATARA,2013,Kharif     ,Maize,13200,32200
Maharashtra,SATARA,2013,Rabi       ,Maize,11700,34100
Maharashtra,SATARA,2013,Summer     ,Maize,500,800
Maharashtra,SATARA,2014,Kharif     ,Maize,16400,31400
Maharashtra,SATARA,2014,Rabi       ,Maize,11700,24800
Maharashtra,SATARA,2014,Summer     ,Maize,2700,4300
Maharashtra,SINDHUDURG,1998,Rabi       ,Maize,200,200
Maharashtra,SINDHUDURG,1999,Rabi       ,Maize,100,100
Maharashtra,SINDHUDURG,2000,Rabi       ,Maize,100,100
Maharashtra,SINDHUDURG,2001,Rabi       ,Maize,100,200
Maharashtra,SINDHUDURG,2002,Rabi       ,Maize,100,100
Maharashtra,SINDHUDURG,2003,Rabi       ,Maize,100,200
Maharashtra,SINDHUDURG,2004,Rabi       ,Maize,100,100
Maharashtra,SINDHUDURG,2006,Rabi       ,Maize,100,200
Maharashtra,SINDHUDURG,2007,Rabi       ,Maize,1,3
Maharashtra,SINDHUDURG,2008,Rabi       ,Maize,2,6
Maharashtra,SINDHUDURG,2009,Rabi       ,Maize,200,600
Maharashtra,SINDHUDURG,2010,Rabi       ,Maize,300,900
Maharashtra,SINDHUDURG,2014,Rabi       ,Maize,100,200
Maharashtra,SOLAPUR,1997,Kharif     ,Maize,8700,9800
Maharashtra,SOLAPUR,1997,Rabi       ,Maize,11700,18700
Maharashtra,SOLAPUR,1997,Summer     ,Maize,1600,2900
Maharashtra,SOLAPUR,1998,Kharif     ,Maize,11000,23400
Maharashtra,SOLAPUR,1998,Rabi       ,Maize,17300,26000
Maharashtra,SOLAPUR,1998,Summer     ,Maize,2300,4100
Maharashtra,SOLAPUR,1999,Kharif     ,Maize,12100,16600
Maharashtra,SOLAPUR,1999,Rabi       ,Maize,12500,19400
Maharashtra,SOLAPUR,1999,Summer     ,Maize,2400,4300
Maharashtra,SOLAPUR,2000,Kharif     ,Maize,13900,8700
Maharashtra,SOLAPUR,2000,Rabi       ,Maize,15200,17600
Maharashtra,SOLAPUR,2001,Kharif     ,Maize,7800,10
Maharashtra,SOLAPUR,2001,Rabi       ,Maize,14000,25700
Maharashtra,SOLAPUR,2001,Summer     ,Maize,1300,1800
Maharashtra,SOLAPUR,2002,Kharif     ,Maize,12400,17400
Maharashtra,SOLAPUR,2002,Rabi       ,Maize,12900,26800
Maharashtra,SOLAPUR,2002,Summer     ,Maize,1800,3200
Maharashtra,SOLAPUR,2003,Kharif     ,Maize,5100,1500
Maharashtra,SOLAPUR,2003,Rabi       ,Maize,9700,3400
Maharashtra,SOLAPUR,2004,Kharif     ,Maize,13100,14500
Maharashtra,SOLAPUR,2004,Rabi       ,Maize,13000,21400
Maharashtra,SOLAPUR,2004,Summer     ,Maize,1600,2500
Maharashtra,SOLAPUR,2006,Kharif     ,Maize,13800,13700
Maharashtra,SOLAPUR,2006,Rabi       ,Maize,17400,32400
Maharashtra,SOLAPUR,2006,Summer     ,Maize,700,1100
Maharashtra,SOLAPUR,2007,Kharif     ,Maize,192,253
Maharashtra,SOLAPUR,2007,Rabi       ,Maize,132,283
Maharashtra,SOLAPUR,2007,Summer     ,Maize,9,15
Maharashtra,SOLAPUR,2008,Kharif     ,Maize,9600,22200
Maharashtra,SOLAPUR,2008,Rabi       ,Maize,157,317
Maharashtra,SOLAPUR,2009,Kharif     ,Maize,15400,24900
Maharashtra,SOLAPUR,2009,Rabi       ,Maize,22100,74700
Maharashtra,SOLAPUR,2010,Kharif     ,Maize,20500,34800
Maharashtra,SOLAPUR,2010,Rabi       ,Maize,35400,88700
Maharashtra,SOLAPUR,2011,Kharif     ,Maize,15200,37800
Maharashtra,SOLAPUR,2011,Rabi       ,Maize,21900,39800
Maharashtra,SOLAPUR,2011,Summer     ,Maize,2700,4400
Maharashtra,SOLAPUR,2012,Kharif     ,Maize,11100,10800
Maharashtra,SOLAPUR,2012,Rabi       ,Maize,21100,39900
Maharashtra,SOLAPUR,2012,Summer     ,Maize,1100,1800
Maharashtra,SOLAPUR,2013,Kharif     ,Maize,11100,19300
Maharashtra,SOLAPUR,2013,Rabi       ,Maize,31200,75300
Maharashtra,SOLAPUR,2013,Summer     ,Maize,2000,3300
Maharashtra,SOLAPUR,2014,Kharif     ,Maize,12700,24000
Maharashtra,SOLAPUR,2014,Rabi       ,Maize,36100,105800
Maharashtra,SOLAPUR,2014,Summer     ,Maize,2200,3400
Maharashtra,THANE,2001,Rabi       ,Maize,100,200
Maharashtra,THANE,2002,Rabi       ,Maize,100,100
Maharashtra,THANE,2003,Rabi       ,Maize,100,200
Maharashtra,THANE,2004,Rabi       ,Maize,100,100
Maharashtra,THANE,2006,Rabi       ,Maize,100,200
Maharashtra,THANE,2007,Rabi       ,Maize,1,3
Maharashtra,THANE,2008,Rabi       ,Maize,1,3
Maharashtra,THANE,2009,Rabi       ,Maize,100,300
Maharashtra,THANE,2010,Rabi       ,Maize,100,300
Maharashtra,THANE,2011,Rabi       ,Maize,100,300
Maharashtra,WARDHA,1997,Kharif     ,Maize,200,200
Maharashtra,WARDHA,1998,Kharif     ,Maize,100,200
Maharashtra,WARDHA,1998,Rabi       ,Maize,300,400
Maharashtra,WARDHA,1999,Rabi       ,Maize,200,200
Maharashtra,WARDHA,2000,Rabi       ,Maize,100,100
Maharashtra,WARDHA,2001,Rabi       ,Maize,100,200
Maharashtra,WARDHA,2006,Kharif     ,Maize,100,200
Maharashtra,WARDHA,2007,Kharif     ,Maize,1,3
Maharashtra,WARDHA,2008,Kharif     ,Maize,100,200
Maharashtra,WARDHA,2011,Kharif     ,Maize,100,100
Maharashtra,WARDHA,2013,Summer     ,Maize,500,500
Maharashtra,WARDHA,2014,Summer     ,Maize,1000,1000
Maharashtra,WASHIM,1999,Kharif     ,Maize,100,100
Maharashtra,WASHIM,2000,Kharif     ,Maize,100,100
Maharashtra,WASHIM,2001,Kharif     ,Maize,100,300
Maharashtra,WASHIM,2002,Kharif     ,Maize,100,200
Maharashtra,WASHIM,2003,Kharif     ,Maize,100,200
Maharashtra,WASHIM,2004,Kharif     ,Maize,100,100
Maharashtra,WASHIM,2006,Kharif     ,Maize,100,200
Maharashtra,WASHIM,2007,Kharif     ,Maize,2,6
Maharashtra,WASHIM,2008,Kharif     ,Maize,100,300
Maharashtra,WASHIM,2009,Kharif     ,Maize,300,700
Maharashtra,WASHIM,2010,Kharif     ,Maize,400,1000
Maharashtra,WASHIM,2011,Kharif     ,Maize,200,600
Maharashtra,WASHIM,2011,Summer     ,Maize,100,100
Maharashtra,WASHIM,2012,Kharif     ,Maize,100,200
Maharashtra,WASHIM,2012,Summer     ,Maize,400,400
Maharashtra,WASHIM,2013,Kharif     ,Maize,300,900
Maharashtra,WASHIM,2013,Summer     ,Maize,100,100
Maharashtra,WASHIM,2014,Kharif     ,Maize,500,900
Maharashtra,WASHIM,2014,Rabi       ,Maize,300,500
Maharashtra,YAVATMAL,1997,Kharif     ,Maize,500,600
Maharashtra,YAVATMAL,1998,Kharif     ,Maize,100,200
Maharashtra,YAVATMAL,1999,Kharif     ,Maize,100,100
Maharashtra,YAVATMAL,2000,Kharif     ,Maize,100,100
Maharashtra,YAVATMAL,2001,Kharif     ,Maize,200,500
Maharashtra,YAVATMAL,2002,Kharif     ,Maize,200,400
Maharashtra,YAVATMAL,2004,Kharif     ,Maize,100,100
Maharashtra,YAVATMAL,2006,Kharif     ,Maize,400,700
Maharashtra,YAVATMAL,2007,Kharif     ,Maize,2,6
Maharashtra,YAVATMAL,2008,Kharif     ,Maize,500,1500
Maharashtra,YAVATMAL,2009,Kharif     ,Maize,1100,2400
Maharashtra,YAVATMAL,2010,Kharif     ,Maize,400,1000
Maharashtra,YAVATMAL,2011,Kharif     ,Maize,500,1400
Maharashtra,YAVATMAL,2012,Kharif     ,Maize,500,1100
Maharashtra,YAVATMAL,2012,Summer     ,Maize,800,600
Maharashtra,YAVATMAL,2013,Summer     ,Maize,400,500
Maharashtra,YAVATMAL,2014,Rabi       ,Maize,1300,200
